id,chapter,question,option_a,option_b,option_c,option_d,correct_option,explanation
Q14-1,Chapitre 14,"Il y a un an, le rendement de l'obligation à un an était de 4 %, tandis que le rendement de l'obligation à trente ans était de 8 %. Aujourd'hui, le rendement du billet à un an est passé à 5 %, tandis que celui de l'obligation à dix ans est tombé à 6,5 %. Vous concluriez...","que la courbe des taux s'incline, ce qui est favorable aux marchés des actions.","que la courbe des rendements est inversée, ce qui est défavorable aux marchés des actions.",le marché obligataire est confus et l'économie devrait se contracter fortement à court terme.,le marché obligataire est confus mais l'économie devrait connaître une hypercroissance à long terme.,A,
Q14-2,Chapitre 14,Les trois grandes catégories d'industries sont...,"croissance, maturité et déclin.","cycliques, défensives et spéculatives.","faible technologie, valeur sûre et haute technologie.","les entreprises de premier ordre, les entreprises de premier ordre et les entreprises spéculatives.",B,
Q14-3,Chapitre 14,Une entreprise automobile comme General Motors est un exemple d'entreprise (n)....,d'une entreprise défensive.,entreprise industrielle cyclique.,entreprise cyclique de consommation.,une entreprise cyclique de produits de base.,C,
Q14-4,Chapitre 14,Lequel des énoncés suivants illustre le mieux la principale différence entre l'analyse fondamentale et l'analyse technique ?,"L'analyste fondamental étudie les causes des mouvements de prix, tandis que l'analyste technique étudie les effets des mouvements de prix.","L'analyste fondamental étudie les effets des mouvements de prix, tandis que l'analyste technique étudie les causes des mouvements de prix.","L'analyste fondamental pense que les marchés sont guidés uniquement par la pensée rationnelle, tandis que l'analyste technique pense que les marchés sont guidés uniquement par l'émotion.","L'analyste fondamental pense que les marchés sont guidés uniquement par la pensée rationnelle, tandis que l'analyste technique pense que les marchés sont guidés à la fois par la pensée rationnelle et par l'émotion.",A,
Q14-5,Chapitre 14,Les niveaux de soutien sont établis lorsque...,la demande dépasse l'offre et les prix commencent à baisser.,la demande dépasse l'offre et les prix commencent à augmenter.,l'offre dépasse la demande et les prix commencent à baisser.,l'offre dépasse la demande et les prix commencent à augmenter.,B,
Q14-6,Chapitre 14,"Vous disposez des informations suivantes concernant les clôtures hebdomadaires d'un titre particulier : Première semaine : 20,00 Deuxième semaine : 21,25 Troisième semaine : 19,50 Quatrième semaine : 20,50 À la fin de la cinquième semaine, le titre en question clôture à 20,75 $. Sa moyenne mobile sur quatre semaines est de...",$20.31.,$20.35.,$20.40.,$20.50.,D,
Q14-7,Chapitre 14,Vous étudiez un graphique et constatez que la ligne de la moyenne mobile est en train de casser la ligne de prix journalière par le haut sur un volume important. Un analyste technique devrait probablement...,acheter le titre,vendre le titre,conserver le titre.,Les analystes techniques n'étudient pas les graphiques avant de prendre des décisions d'investissement.,B,
Q14-8,Chapitre 14,L'investisseur à contre-courant est le moins susceptible de croire que...,qu'un investisseur doit aller dans la même direction que la majorité.,qu'un investisseur doit prêter attention à ce que fait la majorité des investisseurs.,"si la grande majorité des investisseurs sont baissiers, il est raisonnable de penser que le marché ne s'effondrera pas.","si la grande majorité des investisseurs est haussière, le pouvoir d'achat n'est pas suffisant pour pousser le marché à la hausse.",A,
Q14-9,Chapitre 14,Une analyste étudie une entreprise et constate que son chiffre d'affaires a augmenté de 12 % au cours de l'année écoulée. Laquelle des explications suivantes serait la moins favorable ?,Une grève a eu lieu chez un concurrent important.,L'entreprise s'est développée sur un nouveau marché géographique.,L'entreprise s'est engagée dans une campagne de publicité et de promotion agressive.,L'entreprise a gagné des parts de marché au détriment de ses concurrents.,A,
Q14-10,Chapitre 14,La principale différence entre le ratio de fonds de roulement et le ratio de test acide est que...,le ratio de fonds de roulement est un ratio de liquidité et le ratio de test acide est un ratio d'analyse de risque.,le ratio de fonds de roulement est un ratio d'analyse de risque et le ratio de test acide est un ratio de liquidité.,"le ratio de fonds de roulement prend en compte tous les actifs à court terme par rapport aux passifs à court terme, tandis que le ratio de test d'acidité exclut les stocks.",Il n'y a pas de différence entre le ratio de fonds de roulement et le ratio des tests d'acidité.,C,
Q14-11,Chapitre 14,"Parmi les entreprises suivantes, laquelle serait ""autorisée"" à avoir le ratio de couverture des intérêts le plus faible ?",Le commerce de détail,les services publics,cyclique,spéculative,B,
Q14-12,Chapitre 14,Une société a gagné 6 250 000 $ avant le versement des dividendes privilégiés. Elle possède 50 000 actions privilégiées à 6 % d'une valeur nominale de 50 $ qui se négocient actuellement à 52 $. 5 000 000 d'actions ordinaires sont autorisées et 4 500 000 sont émises et en circulation. Son bénéfice de base par action est de...,$1.22.,$1.25.,$1.36.,$1.39.,,
Q14-13,Chapitre 14,Vous examinez deux entreprises qui opèrent dans le même secteur d'activité. L'entreprise 1 a un ratio C/B de 10 et l'entreprise 2 a un ratio C/B de 20. L'explication la plus probable de cette différence est que...,La structure du capital de l'entreprise 1 est plus endettée.,La structure du capital de l'entreprise 2 est plus endettée.,Le taux de croissance prévu des bénéfices de la première société est plus élevé.,Les actions de la société 2 sont plus liquides que celles de la société 1.,A,
Q14-14,Chapitre 14,Les ratios cours/bénéfice ont tendance à augmenter...,lorsque le marché boursier est en hausse ou que les bénéfices augmentent.,dans un marché boursier en baisse ou avec des bénéfices en hausse.,dans un marché boursier en hausse ou avec des bénéfices en baisse.,dans un marché boursier en baisse ou avec des bénéfices en baisse.,A,
Q14-15,Chapitre 14,"Une entreprise vient de verser un dividende annuel de 2,40 $. Vous pensez qu'elle pourra augmenter ses dividendes à un taux de 5 %, et votre rendement requis est de 9 %. Si les actions se négocient actuellement à 60 $ et que vous croyez au modèle d'actualisation des dividendes, vous conviendrez que...",les actions de la société sont légèrement sous-évaluées.,les actions de la société sont correctement évaluées.,les actions de la société sont légèrement surévaluées.,l'information est insuffisante.,A,
Q14-16,Chapitre 14,"Lors de la sélection d'actions privilégiées, laquelle des questions suivantes est la moins susceptible de s'appliquer à toutes les actions privilégiées ?",Les dividendes sont-ils cumulatifs ?,Existe-t-il des mesures de protection telles que des fonds d'amortissement ?,La durée de vie du privilège de conversion est-elle suffisamment longue ?,Le rendement est-il acceptable par rapport aux rendements d'autres investissements similaires ?,C,
Q14-17,Chapitre 14,Lequel des énoncés suivants explique le moins bien pourquoi la marge bénéficiaire nette de Raptern augmente alors que sa marge bénéficiaire d'exploitation reste stable ?,Les taux d'imposition des sociétés ont été réduits au cours de cette période.,Raptern a remboursé ses dettes au cours de ces deux années.,Raptern a refinancé sa dette pour payer un taux d'intérêt plus faible.,Raptern bénéficie d'économies d'échelle dans ses installations de production.,D,
Q14-18,Chapitre 14,Lequel des énoncés suivants explique le plus raisonnablement pourquoi la marge bénéficiaire d'exploitation de Nickerback a augmenté au cours de cette période ?,L'entreprise a réduit ses prix.,L'entreprise a augmenté sa part de marché.,L'entreprise a réduit ses dépenses de marketing.,L'entreprise a bénéficié de taux d'imposition plus faibles.,C,
Q14-19,Chapitre 14,Quelle est l'explication la plus plausible du fait que le rendement des capitaux propres de Raptern a augmenté beaucoup plus rapidement que son bénéfice par action au cours de cette période ?,L'entreprise est devenue beaucoup plus rentable.,L'entreprise a racheté des actions de manière agressive.,L'entreprise a supprimé son dividende afin de conserver ses liquidités.,L'entreprise a émis de nouveaux titres de créance pour financer sa croissance.,B,
Q14-20,Chapitre 14,"En supposant que les deux entreprises opèrent sur des marchés similaires, laquelle des hypothèses suivantes est la moins probable ?",Raptern a plus de dettes dans sa structure de capital.,Les actions ordinaires de Nickerback coûtent moins cher que celles de Raptern.,Les ventes de Raptern sont inférieures à celles de Nickerback.,Nickerback est en affaires depuis plus longtemps que Raptern.,A,
Q14-21,Chapitre 14,"En ce qui concerne l'utilisation des ratios dans l'analyse des entreprises, vous seriez le plus susceptible d'être d'accord pour dire que...",Un seul ratio est très révélateur pour l'investisseur.,Les ratios ne constituent pas à eux seuls une preuve de la rentabilité actuelle ou future.,La signification d'un ratio est la même pour toutes les entreprises.,Un ratio insatisfaisant signale des conditions défavorables et il n'est pas nécessaire d'approfondir la question.,B,
Q15-1,Chapitre 15,"Une obligation à 7% de rémunération annuelle, émise au pair, a été achetée pour 102. Un an plus tard, elle a été remboursée au prix de 101. Quel est le taux de rendement dont a bénéficié l'investisseur ?",4.9%,5.9%,6.0%,7.0%,B,
Q15-2,Chapitre 15,"Laquelle des affirmations suivantes est vraie en ce qui concerne la relation entre l'inflation, les taux de rendement réels et les taux de rendement nominaux ?","Plus le taux d'inflation est élevé, plus le taux de rendement réel exigé par un investisseur est élevé.","Plus le taux d'inflation est élevé, plus le taux de rendement nominal exigé par l'investisseur est élevé.","Plus le taux d'inflation est élevé, plus le taux de rendement réel et le taux de rendement nominal exigés par l'investisseur sont élevés.",L'inflation n'a pas d'impact sur les taux de rendement réels ou nominaux exigés par un investisseur.,B,
Q15-3,Chapitre 15,Le taux de rendement sans risque est représenté par...,les bons du Trésor.,les obligations d'État à court terme.,les obligations d'État à long terme.,Le taux de rendement sans risque n'existe pas.,A,
Q15-4,Chapitre 15,"Parmi les titres suivants, quel est celui qui présente un risque commercial ?",Les actions ordinaires,les actions ordinaires et les titres de créance garantis,les actions ordinaires et les titres de créance non garantis de la société,"les actions ordinaires, la dette garantie de la société et la dette non garantie de la société",D,
Q15-5,Chapitre 15,Deux des mesures de risque les plus courantes sont :,Alpha et bêta,Bêta et corrélation,Bêta et écart-type,Corrélation et écart-type,C,
Q15-6,Chapitre 15,"Un investisseur possède un portefeuille de 250 000 dollars. 70 % sont investis dans le titre 1, qui rapporte 10 % sur l'année, et les 30 % restants dans le titre 2, qui rapporte 5 %. Les 30 % restants sont investis dans le titre 2, qui rapporte 5 %. La valeur du portefeuille dans un an est de...","$268,750","$271,250","$272,500",Information insuffisante,B,
Q15-7,Chapitre 15,"Un investisseur souhaite ajouter un titre à un portefeuille existant. Le rendement attendu du portefeuille actuel est de 8 % et son écart-type est de 15. Le rendement attendu du titre est de 8,5 % et son écart-type est de 15. Il existe une corrélation de 0,0 entre ce titre et le portefeuille existant. Lequel des énoncés suivants décrit le mieux l'impact de l'ajout du titre au portefeuille ?",L'ajout du titre augmentera le rendement attendu et réduira le risque.,L'ajout du titre augmentera le rendement attendu et n'aura pas d'incidence sur le risque.,L'ajout du titre augmentera le rendement attendu et le risque.,L'ajout du titre augmentera le rendement attendu et l'impact sur le risque n'est pas clair.,A,
Q15-8,Chapitre 15,Laquelle des valeurs suivantes est la corrélation préférée lors de l'ajout d'un titre unique à un portefeuille déjà bien diversifié ?,-1.0,0.0,0.5,1.0,A,
Q15-9,Chapitre 15,"Vous examinez deux entreprises. La première a un bêta de 1,2 et la seconde un bêta de 0,8. Il est très probable que...",L'entreprise 1 a tendance à être plus rentable que l'entreprise 2.,L'entreprise 2 a tendance à être plus rentable que l'entreprise 1.,L'entreprise 1 est un titre défensif et l'entreprise 2 est un titre cyclique.,L'entreprise 2 est un titre défensif et l'entreprise 1 est un titre cyclique.,D,
Q15-10,Chapitre 15,"Parmi les styles de gestion d'actions suivants, lequel tend à exposer l'investisseur au plus grand risque en période de récession ?",la valeur,la croissance,top-down,ascendant,B,
Q15-11,Chapitre 15,Pour le gestionnaire d'actions à rotation sectorielle...,la sélection des titres est plus importante que la sélection des secteurs et les actions à faible capitalisation sont généralement achetées.,la sélection sectorielle est plus importante que la sélection des actions et les actions à faible capitalisation sont généralement achetées.,la sélection des titres est plus importante que la sélection des secteurs et les actions à grande capitalisation sont généralement achetées.,La sélection du secteur est plus importante que la sélection des actions et les actions à grande capitalisation sont généralement achetées.,D,
Q15-12,Chapitre 15,"Dans le bon ordre, les trois premières étapes du processus de gestion de portefeuille sont les suivantes :","la détermination des objectifs et des contraintes d'investissement, l'élaboration d'une déclaration de politique d'investissement et la sélection des titres.",élaboration de l'énoncé de la politique d'investissement ; élaboration de la composition de l'actif ; et sélection des titres,déterminer les objectifs et les contraintes en matière d'investissement ; élaborer une déclaration de politique d'investissement ; et élaborer la composition de l'actif,"déterminer les objectifs et les contraintes de l'investissement, élaborer la composition de l'actif et surveiller le client, le marché et l'économie.",C,
Q15-13,Chapitre 15,La tolérance au risque du client doit correspondre à...,au risque de chaque titre du portefeuille.,au risque du titre moyen du portefeuille.,le risque du titre le plus risqué du portefeuille.,au risque de l'ensemble du portefeuille.,D,
Q15-14,Chapitre 15,"Sylvia Wong est une professionnelle célibataire de 35 ans. A des fins de planification financière, son horizon temporel devrait être compris comme le présent...",jusqu'à ce qu'elle ait besoin d'argent.,jusqu'au prochain changement majeur prévu dans sa vie.,jusqu'à sa retraite.,jusqu'à son décès.,B,
Q15-15,Chapitre 15,Lequel des produits suivants n'est pas considéré comme un produit à revenu fixe aux fins de la répartition de l'actif ?,les hypothèques,les obligations à coupons détachés,les actions privilégiées,les obligations convertibles,D,
Q15-16,Chapitre 15,Lequel des produits suivants est considéré comme une action aux fins de la répartition des actifs ?,Les actions ordinaires,Les obligations convertibles,Les fonds négociés en bourse,Tous ces produits,D,
Q15-17,Chapitre 15,La phase d'expansion du cycle des actions tend à correspondre à quelle phase du cycle économique ?,le creux,la reprise,l'expansion,le pic,C,
Q15-18,Chapitre 15,"Pendant la phase de pointe du cycle des actions, la stratégie recommandée en matière de revenu fixe consiste à détenir...",des obligations à court terme.,des obligations à moyen terme.,des obligations à long terme.,un portefeuille obligataire échelonné.,A,
Q15-19,Chapitre 15,La stratégie recommandée dans le creux du marché boursier du cycle des actions est de...,vendre des actions et acheter des obligations à long terme.,vendre des actions et des obligations à long terme.,vendre des obligations à long terme et acheter des actions cycliques.,vendre des obligations à long terme et acheter des obligations à court terme.,C,
Q15-20,Chapitre 15,Quelle est l'étape la plus importante dans la structuration d'un portefeuille ?,L'allocation d'actifs,La sélection des titres,Les décisions d'anticipation du marché,Toutes ces étapes sont également importantes,A,
Q15-21,Chapitre 15,"Un investisseur d'âge moyen ayant un long horizon temporel et une grande tolérance au risque vient vous voir pour vous demander des conseils en matière d'investissement. L'allocation d'actifs la plus appropriée pour cet investisseur serait la suivante : a) 50 % de liquidités, 30 % d'obligations, 20 % d'actions :","50 % de liquidités, 30 % d'obligations, 20 % d'actions","30 % de liquidités, 40 % d'obligations, 30 % d'actions","10 % de liquidités, 30 % d'obligations, 60 % d'actions","0 % de liquidités, 20 % d'obligations, 80 % d'actions",C,
Q15-22,Chapitre 15,"Une personne âgée de 65 ans, peu encline au risque et ayant un besoin important de revenus dans son portefeuille, vient vous voir pour vous demander des conseils en matière d'investissement. Le portefeuille le plus approprié pour cette personne serait...","10 % de liquidités, 65 % d'obligations, 25 % d'actions","40 % de liquidités, 40 % d'obligations, 20 % d'actions","50 % de liquidités, 50 % d'obligations, 0 % d'actions","60 % de liquidités, 40 % d'obligations, 0 % d'actions",A,
Q15-23,Chapitre 15,"Le portefeuille d'un investisseur, d'une valeur de 400 000 dollars, a une allocation stratégique d'actifs à long terme de 50 % en actions, 30 % en obligations et 20 % en liquidités. Sur un an, les actions baissent de 10 % et les obligations augmentent de 10 %. Les liquidités restent inchangées. Afin de rééquilibrer le portefeuille en fonction de l'allocation stratégique, le gestionnaire de portefeuille devrait...","acheter pour 16 000 $ d'actions, vendre pour 14 400 $ d'obligations et acheter pour 1 600 $ de liquidités.","acheter des actions pour une valeur de 16 000 $, vendre des obligations pour une valeur de 14 400 $ et vendre des liquidités pour une valeur de 1 600 $.","acheter des actions pour une valeur de 14 400 $, vendre des obligations pour une valeur de 16 000 $ et acheter des liquidités pour une valeur de 1 600 $.","acheter pour 20 000 $ d'actions, vendre pour 18 000 $ d'obligations et vendre pour 2 000 $ de liquidités.",B,
Q15-24,Chapitre 15,"Lorsqu'un analyste compare les ratios de Sharpe de différents portefeuilles, il doit rechercher le...",le nombre positif le plus bas possible.,le nombre négatif le plus bas possible.,le nombre positif le plus élevé possible.,le nombre négatif le plus élevé possible.,C,
Q15-25,Chapitre 15,Un ratio de Sharpe négatif signifie que...,le portefeuille a perdu de l'argent.,le rendement du portefeuille a été inférieur au taux sans risque.,le rendement du portefeuille est inférieur à celui de l'indice de référence.,le rendement du portefeuille est inférieur à celui de l'indice de référence moins le taux sans risque.,B,
Q17-1,Chapitre 17,L'avantage de la diversification dans un fonds commun de placement est le plus étroitement associé à la réduction ou à l'élimination...,le risque de marché.,le risque systématique.,le risque non systématique.,le risque commercial.,C,
Q17-2,Chapitre 17,Quel avantage unique les régimes de cotisations préautorisées offrent-ils ?,Ils permettent aux investisseurs d'anticiper le marché.,Ils permettent aux investisseurs d'investir de petites sommes.,Ils permettent aux investisseurs de réduire les frais de gestion des fonds qu'ils détiennent.,Ils permettent aux investisseurs de passer d'un fonds à l'autre sans frais supplémentaires.,B,
Q17-3,Chapitre 17,Quel est l'avantage de la structure fiduciaire pour les fonds communs de placement ?,La structure permet au fonds lui-même d'éviter l'imposition.,La structure donne aux investisseurs la confiance nécessaire pour investir.,La structure garantit que les frais ne seront prélevés que si le fonds fournit un rendement positif.,La structure fiduciaire n'apporte aucun avantage particulier aux fonds communs de placement.,A,
Q17-4,Chapitre 17,"Parmi les parties suivantes, laquelle est responsable en dernier ressort des activités d'un fonds commun de placement ?",Les administrateurs,le gestionnaire,le dépositaire,les distributeurs,A,
Q17-5,Chapitre 17,"Toutes les tâches suivantes incombent au gestionnaire d'un fonds commun de placement, à l'exception de...",le calcul de la valeur nette d'inventaire de l'OPCVM.,la préparation du prospectus de l'OPCVM et d'autres rapports.,la supervision de la tenue des registres des actionnaires ou des détenteurs de parts.,l'acceptation et la transmission des ordres de rachat des parts de l'OPCVM.,D,
Q17-6,Chapitre 17,"Un fonds commun de placement a été acheté le 2 janvier 2015 alors que sa valeur liquidative était de 20,00 $. Il a été vendu avec des frais de rachat qui ont commencé à 6 % et ont diminué de 1 % pour chaque année suivante, les frais étant basés sur la valeur liquidative au moment de la vente. Si les parts valaient 24,00 $ en octobre 2018 lorsqu'elles ont été vendues, l'investisseur recevrait...",$23.28.,$23.40.,$23.70.,$24.00.,A,
Q17-7,Chapitre 17,Les honoraires annuels versés au vendeur qui a vendu le fonds sont appelés...,la commission de suivi.,les frais d'entrée.,les frais de rachat.,commission de rachat.,A,
Q17-8,Chapitre 17,"Parmi les affirmations suivantes, laquelle est la moins probable que vous approuviez à propos du document d'information sur les fonds communs de placement ?",La livraison doit avoir lieu dans les deux jours ouvrables suivant l'achat de l'OPC.,"L'aperçu du fonds est divisé en deux grandes rubriques, chacune ayant sa propre section d'éléments connexes.","Les sections couvertes par le premier titre fournissent des informations sur l'OPCVM, y compris des informations rapides et des risques.","Les sections couvertes par la deuxième rubrique fournissent des informations sur les performances passées et le coût d'achat, de détention et de vente de l'OPCVM.",A,
Q17-9,Chapitre 17,Lequel des énoncés suivants est le plus susceptible d'être approuvé en ce qui concerne le prospectus simplifié et la notice annuelle ?,Le prospectus simplifié doit être mis à jour trimestriellement.,Le prospectus simplifié doit être remis à l'investisseur à sa demande.,La fiche d'information annuelle ne contient pas d'informations qui figurent également dans le prospectus simplifié.,La fiche d'information annuelle ne doit pas être mise à la disposition des investisseurs s'ils reçoivent déjà un prospectus simplifié.,B,
Q17-10,Chapitre 17,Laquelle des restrictions habituelles suivantes concernant les organismes de placement collectif ne s'appliquerait pas au gestionnaire d'un organisme de placement collectif spécialisé ?,Aucun emprunt à des fins d'effet de levier.,Pas plus de 10 % des actions avec droit de vote d'une société.,Pas plus de 10 % de l'actif net en titres d'un même émetteur.,Toutes ces restrictions s'appliquent au gestionnaire d'un fonds commun de placement spécialisé.,D,
Q17-11,Chapitre 17,"La pratique de vente interdite consistant à ""proposer un prix futur"" est plus étroitement associée à...",à l'exécution en avance (front-running).,l'antidatation des ordres.,l'offre de rachat.,la garantie des retours.,B,
Q17-12,Chapitre 17,"Harold Zhang est employé par la banque XYZ et vend des fonds communs de placement par l'intermédiaire de son agence du centre-ville. Un de ses clients souhaite contracter un prêt auprès de M. Zhang, puis lui acheter des parts d'OPCVM. Pour que cela soit acceptable, M. Zhang doit...",ne rien faire. Il peut accepter la commande.,obtenir l'approbation de son supérieur.,obtenir l'accord d'un responsable des prêts.,"En aucun cas, cela ne serait acceptable.",C,
Q17-13,Chapitre 17,Lequel des énoncés suivants est le moins susceptible d'être vrai en ce qui concerne les fonds communs de placement à petite capitalisation ?,Ils exposent l'investisseur à un risque plus élevé que les fonds à grande capitalisation.,Ils exposent l'investisseur à des rendements attendus plus élevés que les fonds à grande capitalisation.,"Ils tirent la majorité de leurs rendements des dividendes, plutôt que des plus-values.",Les distributions de ces fonds seraient imposées de la même manière que les distributions des fonds à grande capitalisation.,C,
Q17-14,Chapitre 17,"Un investisseur a acheté pour 25 000 dollars de fonds communs de placement il y a vingt ans. Au fil des ans, il a reçu un total de 5 000 dollars de dividendes qui ont été réinvestis dans des parts supplémentaires. Il vend la moitié des parts pour 20 000 dollars. Quelles sont ses plus-values ?",Il n'y a pas de plus-value.,"$2,500.","$5,000.","$7,500.",C,
Q17-15,Chapitre 17,"Parmi les plans de retrait suivants, lequel (lesquels) entraîne(nt) une diminution constante des versements au fil des ans ?",Plan de retrait proportionnel seulement.,Le plan de retrait proportionnel et le plan à période fixe uniquement.,Plan de retrait proportionnel et plan ajusté à l'espérance de vie uniquement.,"Régime de retrait proportionnel, régime à période fixe et régime ajusté en fonction de l'espérance de vie.",A,
Q17-16,Chapitre 17,"Si vous constatez qu'un fonds commun de placement a une Volatilité(Vty) de 9, vous comprendrez que...","au cours de l'année précédente, il a été beaucoup moins volatil que la plupart des fonds.","au cours de l'année précédente, il a été beaucoup plus volatil que la plupart des fonds.","sur les trois dernières années, il a été beaucoup moins volatil que la plupart des fonds.","au cours des trois dernières années, il a été beaucoup plus volatil que la plupart des fonds.",B,
Q17-17,Chapitre 17,Les méthodes de calcul des taux de rendement pondérés dans le temps sont les suivantes : i) la méthode du ratio de Sharpe ii) la méthode de Dietz modifiée iii) Méthode d'évaluation quotidienne,i) & ii),i) et iii),ii) et iii),"i), ii) et iii)",C,
Q17-18,Chapitre 17,Le biais de survie tend à...,gonfler les rendements et surestimer les actifs sous gestion.,gonfler les rendements et sous-estimer les actifs sous gestion.,gonfler les rendements mais ne pas avoir d'impact sur les actifs sous gestion.,à sous-estimer les rendements et à surestimer les actifs sous gestion.,B,
Q17-19,Chapitre 17,Pourquoi l'écart de suivi des ETF est-il généralement inférieur à celui des fonds communs de placement comparables ?,Les ETF poursuivent une stratégie purement indicielle.,Les frais administratifs et de négociation sont moins élevés.,Les ETF ont tendance à négocier des titres plus liquides que les fonds communs de placement.,L'erreur de suivi des ETF est en fait plus importante que celle des fonds communs de placement comparables.,B,
Q17-20,Chapitre 17,Lesquelles des deux méthodes suivantes sont généralement utilisées pour créer des ETF ?,L'échantillonnage et la réplication complète.,Réplication partielle et réplication complète.,Échantillonnage aléatoire et réplication complète.,Échantillonnage aléatoire et réplication aléatoire.,A,
Q17-21,Chapitre 17,"Lequel des énoncés suivants décrit correctement la relation entre les RFG des FNB indiciels, des FNB gérés activement et des fonds communs de placement gérés activement ?","Les FNB indiciels et les FNB gérés activement ont des RFG similaires, qui sont inférieurs à ceux des fonds communs de placement gérés activement.","Les ETF indiciels ont les RFG les plus bas, et les RFG des ETF activement gérés et des fonds communs de placement activement gérés sont similaires.","Les ETF indiciels ont les RFG les plus bas, et les RFG des ETF gérés activement sont inférieurs à ceux des fonds communs de placement gérés activement.",Les FNB indiciels ont les RFG les plus bas et les RFG des FNB gérés activement sont plus élevés que ceux des fonds communs de placement gérés activement.,C,
Q17-22,Chapitre 17,"Lequel des ETF suivants est construit avec des produits dérivés, tels que des swaps ?",Synthétique,Matières premières,Covered-call,Basé sur des règles,A,
Q17-23,Chapitre 17,"Tous les éléments suivants sont des types de fonds négociés en bourse de matières premières, à l'exception de...",basés sur des actions,basés sur des contrats à terme,basés sur des produits physiques,basés sur des contrats à terme,D,
Q17-24,Chapitre 17,"Par rapport aux fonds communs de placement, le frottement des liquidités est...",un problème moins important pour les fonds négociés en bourse.,un problème équivalent pour les fonds négociés en bourse.,un problème plus important pour les fonds négociés en bourse.,Le frottement des liquidités ne concerne ni les fonds communs de placement ni les fonds négociés en bourse.,A,
Q17-25,Chapitre 17,Lequel des énoncés suivants est le moins susceptible d'être un conseil pour la négociation des fonds négociés en bourse ?,"Pour les ordres importants, placez une grande partie de la transaction en une seule fois.",Soyez prudent lorsque vous négociez des ETF et que l'un des principaux sous-jacents est interrompu.,Utilisez les ordres au marché afin de vous assurer que l'ETF souhaité est acheté.,Éviter de négocier des ETF lorsque le marché des titres sous-jacents n'est pas actif.,C,
Q20-1,Chapitre 20,"Selon la législation provinciale, la garantie minimale prévue par la loi pour un fonds distinct est de...",75 % après 5 ans.,75 % après 10 ans.,100 % après 5 ans.,100 % après 10 ans.,B,
Q20-2,Chapitre 20,"Une investisseuse a acheté pour 10 000 $ d'unités de fonds distincts qui étaient garanties jusqu'à 75 % de leur valeur, à condition qu'elles soient détenues pendant la période requise. Lorsque les unités valent 11 000 $, elle en vend 1 000 $. Son nouveau montant garanti serait le plus proche de...","$6,750.","$6,825.","$7,500.","$9,000.",B,
Q20-3,Chapitre 20,La protection contre les créanciers implique que si un propriétaire d'entreprise décède avec des investissements non enregistrés et des dettes liées à l'entreprise qui sont supérieures à la valeur des investissements...,"après les frais d'homologation, ses bénéficiaires partageront la valeur des investissements avec les créanciers.","après les frais d'homologation, ses bénéficiaires recevront la valeur totale des investissements.",ses bénéficiaires recevront la moitié de la valeur des investissements sans frais d'homologation.,ses bénéficiaires recevront la valeur totale des investissements sans frais d'homologation.,D,
Q20-4,Chapitre 20,Lequel des éléments suivants est un avantage clé des fonds distincts par rapport aux fonds communs de placement en matière de planification successorale ?,la prestation de décès,la fonction de réinitialisation,la possibilité d'éviter les frais d'homologation,la garantie à l'échéance,C,
Q20-5,Chapitre 20,Le principal document d'information sur un fonds distinct est...,l'aperçu du fonds.,le dépliant explicatif.,le prospectus simplifié,la notice annuelle.,B,
Q20-6,Chapitre 20,Lequel des éléments suivants est le principal facteur permettant de déterminer si une personne est autorisée à investir dans des fonds spéculatifs ?,la valeur nette,la formation,l'effet de levier personnel,l'expérience en matière d'investissement,A,
Q20-7,Chapitre 20,Quel est le moyen le plus efficace de gérer le risque opérationnel associé à un fonds spéculatif donné ?,La diversification,La diligence raisonnable,L'investissement dans des fonds de fonds,L'assurance par le biais de produits dérivés,B,
Q20-8,Chapitre 20,La période de blocage profite le plus directement...,au gestionnaire du fonds spéculatif.,à l'investisseur du fonds spéculatif.,La période de blocage profite à parts égales au gestionnaire et à l'investisseur.,La période de blocage ne profite ni au gestionnaire ni à l'investisseur.,A,
Q20-9,Chapitre 20,"Hemali Singh est une gestionnaire de fonds spéculatif qui gère son fonds selon la règle ""2 & 20"". En 2018, elle a commencé l'année avec 10 millions de dollars d'actifs sous gestion. Après déduction des frais à la fin de l'année, le fonds spéculatif valait 14 millions de dollars. À la fin de l'année 2019, le fonds spéculatif valait 12 millions de dollars. À la fin de l'année 2020, il valait 14 millions de dollars. En supposant que son fonds fonctionne selon les règles du ""high water mark"", ses frais pour 2020 seraient les plus proches de...",$0.,"$280,000.","$400,000.","$680,000.",B,
Q20-10,Chapitre 20,"Un gestionnaire d'investissement examine plusieurs fonds spéculatifs différents. Toutes choses étant égales par ailleurs, il préférerait les fonds spéculatifs ayant...",des délais de blocage courts et des taux de rendement faibles.,des délais de blocage courts et des taux de rendement élevés.,des lock-ups longs et des hurdle rates faibles.,"un blocage long et des ""hurdle rates"" élevés.",B,
Q20-11,Chapitre 20,"Parmi les affirmations suivantes concernant les montants d'investissement et les crédits d'impôt, avec laquelle êtes-vous le plus d'accord en ce qui concerne les SCRT ?",Il y a un montant maximum que vous pouvez investir et il y a des montants maximums annuels pour les crédits d'impôt.,Il y a un montant maximum que vous pouvez investir mais il n'y a pas de montant maximum annuel pour les crédits d'impôt.,Il n'y a pas de montant maximum que vous pouvez investir et il y a des montants maximums annuels pour les crédits d'impôt.,Il n'y a pas de montant maximum que vous pouvez investir mais il y a des montants maximums annuels pour les crédits d'impôt.,C,
Q20-12,Chapitre 20,"Jacques a investi 5 000 $ dans son RER dans la province de Québec, dont le crédit d'impôt provincial correspond au crédit d'impôt fédéral. En supposant un taux marginal d'imposition de 40 %, le coût réel après impôt de l'investissement est le plus proche de :","$1,000.","$1,250.","$1,500.","$2,500.",C,
Q20-13,Chapitre 20,"Historiquement, parmi les types de fonds suivants, lesquels se négocient généralement avec une décote par rapport à leur valeur liquidative ?",Les fonds ouverts,Les fonds à capital fixe,Les fonds ouverts et les fonds fermés,Les fonds ouverts et les fonds fermés,B,
Q20-14,Chapitre 20,"Par rapport aux fonds ouverts, les fonds fermés offrent tous les avantages suivants aux investisseurs, à l'exception de ce qui suit :",Les fonds à capital fixe peuvent être vendus à découvert. Les fonds ouverts ne le peuvent pas.,Les fonds à capital fixe sont généralement mieux investis que les fonds à capital variable.,Les fonds fermés sont généralement plus diversifiés que les fonds ouverts.,"Les plus-values, les dividendes et les distributions d'intérêts sont versés directement aux investisseurs des fonds à capital fixe.",C,
Q20-15,Chapitre 20,Quel est l'inconvénient potentiel d'un investissement dans une FPI ?,Les FPI ne sont pas soumises à des règles d'information complètes.,Les FPI ont parfois un faible volume de transactions.,Les FPI ne sont pas des investissements liquides par rapport à l'immobilier.,Les FPI ne fournissent pas de revenus aux investisseurs - toute la croissance se fait sous forme de plus-values.,B,
Q20-16,Chapitre 20,"Parmi les affirmations suivantes concernant les risques associés aux fonds de commerce, avec laquelle êtes-vous le plus d'accord ?",Ils sont soumis au même risque de taux d'intérêt que les titres à revenu fixe et sont moins stables que le marché des actions.,Ils sont soumis au même risque de taux d'intérêt que les titres à revenu fixe et sont aussi stables que le marché des actions.,Ils sont soumis au même risque de taux d'intérêt que les titres à revenu fixe et sont plus stables que le marché des actions.,Ils sont soumis à un risque de taux d'intérêt moindre que les titres à revenu fixe et sont plus stables que le marché des actions.,C,
Q20-17,Chapitre 20,Le financement par capital-investissement dans des secteurs peu performants ou en perte de vitesse qui font l'objet d'une restructuration est considéré comme...,redressement.,la phase initiale.,stade ultérieur.,capital de croissance.,A,
Q20-18,Chapitre 20,Lequel des énoncés suivants décrit le mieux le rôle des gestionnaires de fonds de capital-investissement dans la participation d'une entreprise dans laquelle ils ont investi ?,Les gestionnaires de capital-investissement ne participent presque jamais.,Les gestionnaires de capital-investissement ne participent que si l'entreprise connaît des difficultés financières.,Les gestionnaires de fonds de capital-investissement participent à l'élaboration du plan d'entreprise et à la sélection des cadres supérieurs.,Les gestionnaires de fonds de capital-investissement se nomment généralement eux-mêmes PDG et président et sont également présents au sein du conseil d'administration.,C,
Q20-19,Chapitre 20,Les deux types de BFP les plus populaires émis au Canada sont...,les BCP indexés et les BCP liés à des fonds spéculatifs.,les BCP indexés et les BCP liés à un panier d'actions.,les BCP liés à un panier d'actions et les BCP liés à un fonds de couverture.,BCP liés à un panier d'actions et BCP liés à des titres à revenu fixe.,B,
Q20-20,Chapitre 20,Quel est le risque le moins probable associé aux BCP ?,Le risque de crédit,Le risque de liquidité,Le risque commercial,Le risque de performance,C,
Q20-21,Chapitre 20,Un investisseur dans un CPG lié au marché préfère...,un rendement élevé de l'indice et un taux de participation de 0 %.,un rendement indiciel élevé et un taux de participation de 50 %.,un rendement indiciel élevé et un taux de participation de 90 %.,Un investisseur dans un CPG indiciel n'est pas touché par le taux de participation.,C,
Q20-22,Chapitre 20,"Lorsque des actions fractionnées sont créées, c'est généralement pour une durée de...",un an.,d'un an à trois ans.,d'un an à cinq ans.,de trois ans à dix ans.,D,
Q20-23,Chapitre 20,L'initiateur d'un titre adossé à des actifs regroupe généralement les actifs et les vend à un...,garant.,distributeur.,partenaire stratégique.,une structure d'accueil.,D,
Q20-24,Chapitre 20,Lequel n'est pas l'un des niveaux d'une tranche standard à trois niveaux d'un titre adossé à des actifs ?,junior,senior,garantie,mezzanine,C,
Q20-25,Chapitre 20,"Parmi les affirmations suivantes concernant les titres adossés à des créances hypothécaires canadiennes, avec laquelle êtes-vous le moins d'accord ?",Les hypothèques sous-jacentes sont entièrement assurées par la Société canadienne d'hypothèques et de logement.,Les titres adossés à des créances hypothécaires sont composés séparément de prêts hypothécaires remboursables par anticipation (ouverts) et de prêts hypothécaires non remboursables (fermés).,"La seule partie imposable du flux de revenus d'un MBS est le remboursement du principal, le remboursement des intérêts n'étant pas imposable.","Les titres adossés à des créances hypothécaires les plus courants sont des pools de cinq ans libellés en multiples de 5 000 dollars, avec un rendement comparable à celui d'un CPG.",C,
Q24-1,Chapitre 24,"Tous les éléments suivants sont des stratégies légitimes d'évitement de l'impôt, sauf...",le report de la perception des revenus.,l'utilisation complète des déductions non admises.,la sélection d'investissements offrant un meilleur rendement après impôt.,le partage des revenus avec d'autres membres de la famille selon des règles prescrites.,B,
Q24-2,Chapitre 24,"Un investisseur est salarié au George Brown College. L'achat de vêtements habillés lui coûte environ 1 000 $ par an. Sinon, il vivrait en T-shirts et en blue-jeans. Il a besoin de conseils pour savoir s'il peut déduire cette dépense à des fins fiscales. La meilleure explication est que...",il ne le peut pas parce que les revenus d'emploi sont imposés sur la base des recettes nettes.,il ne le peut pas parce que le revenu d'emploi est imposé sur la base des recettes brutes.,il peut le faire parce qu'il s'agit d'une dépense professionnelle.,qu'il peut le faire à condition de conserver les transferts et de documenter soigneusement les dépenses.,B,
Q24-3,Chapitre 24,"Un investisseur a reçu un dividende d'une société canadienne imposable d'un montant de 250,00 $. Quels seraient i) la majoration et ii) le crédit d'impôt pour dividendes ?","i) 95,00 $ et ii) 37,55","i) 95,00 $ et ii) 51,82","i) 345,00 $ et ii) 37,55","i) 345,00 $ et ii) 51,82",B,
Q24-4,Chapitre 24,"Un investisseur possède à la fois un placement important et un compte REER. Les frais d'administration du REER sont de 125 $ et il envisage de contracter un emprunt pour cotiser au REER de cette année. Afin de minimiser sa charge fiscale, la meilleure recommandation serait qu'elle...",de demander la déduction fiscale de 125 $ pour les frais d'administration du REER et de contracter un prêt REER de 10 000 $.,demander la déduction fiscale de 125 $ pour les frais d'administration du REER et contracter un prêt de 10 000 $ appliqué au REER ou au compte de placement et déduire les frais d'intérêt des gains réalisés dans l'un ou l'autre de ces comptes.,contracter un emprunt de 10 000 $ sur le REER ou le compte de placement et déduire les frais d'intérêt des gains réalisés dans l'un ou l'autre de ces comptes.,contracter un emprunt de 10 000 $ dans le compte de placement et déduire les frais d'intérêt des gains réalisés dans le compte de placement.,D,
Q24-5,Chapitre 24,"Un investisseur a acheté 500 actions du titre ABC à 12 $ l'action en 2016 et une commission de 1,5 % du prix d'achat lui a été facturée. En 2018, lorsque les actions étaient à 12,50 $ l'unité, les 500 actions ont été vendues et une commission fixe de 29 $ a été appliquée. Quel est le gain en capital imposable (en supposant un taux d'inclusion de 50 %) ?",$ 65.50,$ 94.50,$125.00,$131.00,A,
Q24-6,Chapitre 24,"Un investisseur a acheté 300 actions de CICO systems en 2010 à 60 $. En 2011, il en a acheté 200 autres à 35 $ et enfin 400 autres à 18 $ en 2016. En 2020, il a vendu 200 actions à 24 $ l'action. Quel est le prix de base rajusté des actions qu'il a vendues ?",$18.00,$35.78,$37.67,$60.00,B,
Q24-7,Chapitre 24,"Une investisseuse a acheté 100 actions de la société XYZ à 20 $ en 2017. Un an plus tard, elle a acheté une débenture convertible XYZ d'une valeur nominale de 1 000 $, convertible en 25 actions ordinaires de XYZ. Par la suite, elle a exercé l'option de conversion. Quel est le prix de base rajusté de ses 125 actions de XYZ ?",$20,$24,$30,Information insuffisante,B,
Q24-8,Chapitre 24,Le type particulier de perte qui résulte de la vente et de l'achat du même titre dans un délai limité et qui n'est pas déductible fiscalement en tant que perte en capital est connu sous le nom de (n)....,perte sans impôt.,perte cumulée.,perte différée.,perte superficielle.,D,
Q24-9,Chapitre 24,"Pour une année donnée, le 31 décembre tombe un mardi. Le dernier jour où un investisseur peut vendre ses actions et déclarer une perte en capital est...",le jeudi 26 décembre.,le vendredi 27 décembre.,le lundi 30 décembre.,Le mardi 31 décembre.,B,
Q24-10,Chapitre 24,Une personne travaille chez Bombardier où elle bénéficie d'un généreux régime de retraite à prestations définies. Sa cotisation pour service courant serait limitée au moindre de 9 % de la rémunération de l'employé pour l'année ou de,1 000 $ plus 70 % de son FE pour l'année.,1 000 $ plus 100 % de leur FE pour l'année.,10 000 $ plus 70 % de son FE pour l'année.,10 000 $ plus 100 % de leur FE pour l'année.,A,
Q24-11,Chapitre 24,Un investisseur a 50 000 $ dans son REER. Il veut retirer 10 000 $ pour s'offrir des vacances de rêve. Lequel des énoncés suivants décrit le mieux les conséquences de cette décision ?,Il ne pourra en aucun cas retirer l'argent.,Il ne pourra pas retirer l'argent à moins que Revenu Canada n'accorde une exemption spéciale.,Il serait autorisé à retirer l'argent mais la partie croissance serait imposée à son taux marginal le plus élevé.,"Il serait autorisé à retirer l'argent, mais la totalité du montant serait imposée à son taux marginal le plus élevé.",D,
Q24-12,Chapitre 24,"En 2020, M. Wilson a gagné 40 000 $ en salaire de base et 10 000 $ en commissions dans le cadre de son emploi de vendeur à la banque. Il a gagné un revenu locatif net de 5 000 $ et un revenu d'intérêt de 1 500 $. La moitié de ce revenu d'intérêt a été gagné dans son compte REER. Il a également reçu 200 $ en redevances pour un article qu'il a publié dans le journal. Pour 2020, son plafond de cotisation à un REER serait de...","$ 9,000.","$ 9,936.","$10,071.","$10,206.",B,
Q24-13,Chapitre 24,"Un investisseur a gagné 100 000 $ en 2020. Sa femme a gagné un montant similaire et a cotisé le maximum à son REER de conjoint. Plus tôt dans l'année, il a cotisé 5 000 $ à son propre REER. Lequel des énoncés suivants décrit le mieux les options qui s'offrent à lui en ce qui concerne ses droits de cotisation restants ?",Il peut seulement verser 13 000 $ de plus dans son REER.,Il peut verser 13 000 $ de plus dans son REER et 18 000 $ dans le REER de conjoint de son épouse.,Il peut verser 13 000 $ de plus dans son REER ou dans le régime de conjoint de sa femme.,Il peut verser 13 000 $ dans le régime de conjoint de sa femme.,C,
Q24-14,Chapitre 24,Lequel des énoncés suivants ne s'applique pas aux REEE ?,Les cotisations au régime sont déductibles d'impôt.,La cotisation maximale à vie par bénéficiaire est de 50 000 $.,Il existe deux types de REEE : les régimes en gestion commune et les régimes autogérés.,La Subvention canadienne pour l'épargne-études (SCEE) offre des subventions de contrepartie dans des limites prescrites.,A,
Q24-15,Chapitre 24,Les REER de conjoint sont le plus étroitement associés à la stratégie de planification fiscale du...,le fractionnement du revenu.,l'acquittement des dettes.,le transfert de revenus.,le don aux membres de la famille.,A,
Q24-16,Chapitre 24,Laquelle des affirmations suivantes concernant les comptes à honoraires est la plus probable ?,Les clients fortunés n'ont pas besoin de plus de la part de leurs conseillers qu'une simple sélection de titres.,Les clients fortunés n'apprécient pas la clarté de l'information fournie par un compte à honoraires.,Les études de marché montrent que les clients fortunés souhaitent qu'une partie des honoraires du conseiller soit liée aux actifs gérés.,"Dans le cadre d'une relation tarifée, les clients ne sont pas convaincus que les recommandations sont fondées sur leurs meilleurs intérêts.",C,
Q24-17,Chapitre 24,Les services les plus élémentaires offerts dans le cadre des comptes gérés discrétionnaires sont...,les comptes familiaux.,les comptes gérés par un conseiller.,les comptes gérés séparément.,les enveloppes de fonds communs de placement et les enveloppes de fonds négociés en bourse (ETF).,D,
Q24-18,Chapitre 24,"En tant que gestionnaires de portefeuille, les conseillers utilisent lequel des deux types de programmes suivants pour servir leurs clients ?",Les comptes gérés séparément et les comptes gérés multi-mandats,Les comptes gérés séparément et les comptes gérés séparément à mandat unique,Comptes gérés séparément à mandat unique et comptes gérés à mandat multiple,Gestion de compte discrétionnaire basée sur un modèle et gestion de compte discrétionnaire non basée sur un modèle,D,
Q24-19,Chapitre 24,"Dans le cas des comptes gérés à mandats multiples, qui est chargé de consolider les investissements d'un client au sein d'un ensemble de comptes dédiés et d'en assurer la surveillance ?",Le gestionnaire de superposition,Le gestionnaire de portefeuille,Le conseiller en investissement,Le gestionnaire du family office privé,,
Q24-20,Chapitre 24,Le pouvoir discrétionnaire concernant un compte géré...,peut être verbale ou écrite.,doit être donné par le client par écrit.,doit être donnée par le client par écrit et acceptée par écrit par le superviseur désigné.,doit être donnée par écrit par le client et peut être acceptée verbalement ou par écrit par le responsable désigné.,C,
Q24-21,Chapitre 24,Certains courtiers en valeurs mobilières offrent deux niveaux de comptes à honoraires. Le niveau supérieur offre généralement...,des services de planification successorale.,des services de planification financière.,des opérations gratuites plus nombreuses ou illimitées.,"des services de planification successorale, des services de planification financière et davantage d'opérations gratuites ou des opérations gratuites illimitées.",C,
Q24-22,Chapitre 24,Les comptes de courtage autogérés appartiennent à laquelle des catégories suivantes ? i) Les comptes à honoraires ii) Les services de conseil robotisés iii) L'orientation directe de la répartition des actifs et des titres,i) et ii) uniquement,i) et iii) uniquement,ii) et iii) uniquement,"i), ii) et iii)",C,
Q24-23,Chapitre 24,Les investisseurs qui utilisent le modèle d'orientation directe sont les moins susceptibles de bénéficier du service suivant :,Nombre illimité de transactions.,Rapports de recherche gratuits.,Outils pour construire et suivre une allocation d'actifs.,"Recommandations d'investissement, alertes et rappels.",B,
Q24-24,Chapitre 24,Lequel des éléments suivants est le moins susceptible d'être un inconvénient du service de robo-advisory ?,La taille minimale des comptes est moins élevée.,Le service personnalisé peut ne pas intéresser les investisseurs fortunés.,Le service local est limité ; la plupart des services sont fournis en ligne.,Les services de planification financière et de gestion de patrimoine s'appuient souvent sur une technologie qui n'en est qu'à ses débuts.,A,
Q26-1,Chapitre 26,"Tous les éléments suivants sont des objectifs d'un plan financier, sauf...",il doit être complexe.,il doit être réalisable.,il doit s'adapter à de petits changements dans le mode de vie.,il doit prévoir des dépenses de luxe et des dépenses de première nécessité.,A,
Q26-2,Chapitre 26,"La lettre d'engagement ou le contrat de service professionnel conclu entre le conseiller en placement et le client doit répondre à toutes les questions suivantes, sauf...",Comment le conseiller sera-t-il rémunéré ?,Quels services le conseiller fournira-t-il ?,Comment les actifs du client seront-ils répartis ?,Quelle est la durée prévue de la relation professionnelle ?,C,
Q26-3,Chapitre 26,"Les objectifs d'investissement peuvent généralement être décrits comme un désir de revenu, de croissance du capital et de préservation du capital. Les autres objectifs d'investissement comprennent",la liquidité et l'horizon temporel,Minimisation des impôts et liquidité,Minimisation des impôts et horizon temporel,minimisation des impôts et objectifs particuliers,B,
Q26-4,Chapitre 26,Une allocation d'actifs composée de 80 % d'actions et de 20 % de titres à revenu fixe est plus étroitement associée à...,Étape 1 : Les premières années de revenus.,Stade 2 : années d'engagement familial.,Étape 3 : Années de revenus matures.,Étape 4 : L'approche de la retraite.,A,
Q26-5,Chapitre 26,Les professionnels de l'investissement doivent-ils s'abstenir de négocier pour leur propre compte en ayant connaissance des ordres en attente de leurs clients ?,Non. Il s'agit d'une violation de l'intégrité.,Non. Il s'agit d'une violation de la confidentialité.,Non. Il s'agit d'une violation du professionnalisme.,Oui. C'est tout à fait acceptable.,B,
Q26-6,Chapitre 26,Un conseiller en investissement entend à la radio que l'une des principales participations de son client fait l'objet d'une enquête de la SEC pour n'avoir pas divulgué toutes ses difficultés financières. Il s'attend à une forte baisse de l'action à l'ouverture du marché. La meilleure solution pour le conseiller en investissement est de...,ne pas appeler le client car cela le contrarierait.,ne pas appeler le client parce qu'il vaut mieux qu'il l'apprenne lui-même par les médias.,appeler le client et lui rappeler toutes les bonnes transactions qui ont été faites pour lui dans le passé.,appeler le client et essayer de lui expliquer en termes simples ce qui se passe et ce que cela signifie pour lui.,D,
Q26-7,Chapitre 26,Si un titulaire acquiert une information matérielle non publique...,il est tenu d'agir en conséquence au bénéfice de ses clients.,"le titulaire est tenu d'agir en premier lieu dans l'intérêt de ses clients, puis il peut agir lui-même.","le déclarant est tenu d'agir sur la base de ces informations pour le compte de ses clients, et il est tenu d'agir lui-même sur la base de ces informations par la suite.","le déclarant n'est tenu ni de communiquer l'information, ni d'y donner suite.",D,
Q26-8,Chapitre 26,"Sur l'éventail des courtiers en valeurs mobilières, qui se situe à l'opposé des courtiers de plein exercice ?",Les robots-conseillers,Les courtiers en valeurs mobilières,Les courtiers autogérés,Les boutiques de banque d'investissement,C,
Q26-9,Chapitre 26,"Parmi les affirmations suivantes, quelle est celle avec laquelle vous êtes le moins susceptible d'être d'accord en ce qui concerne l'accès électronique direct (AED) ?",Les courtiers en valeurs mobilières l'offrent à leurs clients institutionnels du côté de l'achat.,Le courtier en valeurs mobilières doit assumer la responsabilité du respect des exigences réglementaires relatives à l'activité de négociation par AED du client.,Les courtiers en valeurs mobilières exigent de leurs clients qu'ils signent un accord écrit précisant qu'ils se conformeront aux exigences du marché.,"Une fois que les contrôles de conformité pré-négociation ont été effectués, le courtier n'est pas tenu d'effectuer une surveillance post-négociation régulière.",D,
Q26-10,Chapitre 26,L'analyse des coûts de transaction prend en compte...,les coûts explicites tels que les frais de courtage et les commissions uniquement.,les coûts implicites tels que les frais et commissions de courtage uniquement.,les coûts explicites tels que les frais de courtage et les commissions et les coûts implicites tels que les écarts entre les cours acheteur et vendeur et l'impact sur le marché.,les coûts implicites tels que les frais de courtage et de commission et les coûts explicites tels que les écarts entre les cours acheteur et vendeur et l'impact sur le marché.,C,
Q26-11,Chapitre 26,"Parmi les fonctions suivantes, laquelle est la moins susceptible d'être considérée comme une fonction de middle office ?",Les opérations,La gestion des risques,La trésorerie d'entreprise,Le service juridique et la conformité,A,
Q26-12,Chapitre 26,Lequel des éléments suivants est le moins susceptible d'être considéré comme un front office ?,La vente et le négoce,La banque d'affaires,Les services de titres,Les technologies de l'information,D,
Q26-13,Chapitre 26,"Lequel des éléments suivants est considéré à juste titre comme un ""aspect d'importance vitale du courtage de premier ordre"" ?",Le financement sur marge,Le prêt de titres,Le règlement des titres,La comptabilité de portefeuille,B,
Q26-14,Chapitre 26,Laquelle des catégories suivantes n'est pas l'une des catégories générales de revenus des sociétés d'investissement sell-side ?,Les commissions,Les intérêts,La souscription d'actions,Les revenus de la négociation provenant des écarts obtenus lors de la négociation pour compte propre,C,
Q26-15,Chapitre 26,Les trois domaines d'activité qui travaillent de manière interdépendante pour générer des revenus pour les sociétés de vente de titres à revenu fixe sont les suivants : a) la négociation ; b) la vente ; c) l'origination :,Négociation ; Vente ; Origination,Écarts entre les cours acheteur et vendeur ; Ventes ; Origination,Écarts entre les cours acheteur et vendeur ; Négociation ; Origination,Écarts entre les cours acheteur et vendeur ; Commissions ; Négociation,A,
Q26-16,Chapitre 26,Lequel des énoncés suivants n'est pas vrai en ce qui concerne les accords de paiement indirect (soft dollar) ?,Il s'agit d'accords en vertu desquels un client institutionnel achète des services au moyen de commissions plutôt que d'une facture pour les biens ou les services.,Les accords de paiement indirect ne peuvent être utilisés que pour l'exécution d'ordres et les services de recherche.,Le client institutionnel doit veiller à ce que tous les accords de paiement indirect soient avantageux pour lui et à ce qu'ils lui soient communiqués.,Les commissions en nature sont plus fréquentes dans les opérations sur titres à revenu fixe que dans les opérations sur actions.,D,
Q26-17,Chapitre 26,Laquelle des parties suivantes n'est pas impliquée dans une transaction institutionnelle typique ?,Le courtier,Le dépositaire,Le teneur de marché,Le gestionnaire d'investissement,C,
Q26-18,Chapitre 26,"Parmi les éléments suivants, lequel est le moins susceptible de constituer un problème pour le traitement des transactions institutionnelles ?",Le calendrier des activités,Technologies inadéquates,Le traitement de bout en bout,L'intégrité des données et les problèmes de comptabilité,C,
Q26-19,Chapitre 26,Quel est le poste de débutant pour d'autres emplois sur les marchés des actions et des titres à revenu fixe ?,Analyste de recherche,Associé de recherche,Associé en investissement,Gestionnaire de relations,B,
Q26-20,Chapitre 26,Donner accès à des services de recherche et de banque d'investissement de qualité est l'une des principales responsabilités du...,dépositaire.,banquier d'affaires,vendeur institutionnel,banquier d'affaires institutionnel,C,
Q26-21,Chapitre 26,Lequel des énoncés suivants est correct ? i) Les négociateurs d'agence sont également appelés négociateurs de couverture ii) Les négociateurs en responsabilité sont également appelés négociateurs pour compte propre.,i) uniquement,ii) uniquement,i) et ii) à la fois,Ni i) ni ii),C,
Q26-22,Chapitre 26,"Les stratégies de trading de responsabilité comprennent toutes les stratégies suivantes, à l'exception de...",directionnelles.,axées sur les événements.,valeur relative.,valeur absolue.,D,
Q26-23,Chapitre 26,Le rôle et la responsabilité principaux des teneurs de marché d'actions sont de...,de réaliser des transactions rentables pour l'entreprise.,d'assurer un marché constant et bilatéral.,de veiller à ce que les transactions pour leur propre compte soient raisonnables.,d'aider les autres à exécuter leurs ordres en ce qui concerne leur stock de responsabilité (SOR).,B,
Q26-24,Chapitre 26,Les négociateurs en responsabilité se voient généralement attribuer...,des clients spécifiques.,des marchés spécifiques.,des secteurs spécifiques du marché.,un capital proactif plutôt que réactif.,C,
Q26-25,Chapitre 26,"Parmi les parties suivantes, laquelle est la plus susceptible d'utiliser le trading algorithmique ?",Les investisseurs de détail du côté des vendeurs.,Les investisseurs de détail côté achat.,Les investisseurs institutionnels côté vente.,Les investisseurs institutionnels acheteurs.,D,
